Payment,Quota,Interest,Principal,Principal Balance
1,869.0467022855217,225.0,644.05,90000.0
2,869.0467022855217,223.39,645.66,89355.95
3,869.0467022855217,221.78,647.27,88710.3
4,869.0467022855217,220.16,648.89,88063.03
5,869.0467022855217,218.54,650.51,87414.14
6,869.0467022855217,216.91,652.14,86763.63
7,869.0467022855217,215.28,653.77,86111.49
8,869.0467022855217,213.64,655.4,85457.72
9,869.0467022855217,212.01,657.04,84802.32
10,869.0467022855217,210.36,658.68,84145.28
11,869.0467022855217,208.72,660.33,83486.59
12,869.0467022855217,207.07,661.98,82826.26
13,869.0467022855217,205.41,663.64,82164.28
14,869.0467022855217,203.75,665.3,81500.65
15,869.0467022855217,202.09,666.96,80835.35
16,869.0467022855217,200.42,668.63,80168.39
17,869.0467022855217,198.75,670.3,79499.77
18,869.0467022855217,197.07,671.97,78829.47
19,869.0467022855217,195.39,673.65,78157.5
20,869.0467022855217,193.71,675.34,77483.84
21,869.0467022855217,192.02,677.03,76808.51
22,869.0467022855217,190.33,678.72,76131.48
23,869.0467022855217,188.63,680.41,75452.76
24,869.0467022855217,186.93,682.12,74772.35
25,869.0467022855217,185.23,683.82,74090.23
26,869.0467022855217,183.52,685.53,73406.41
27,869.0467022855217,181.8,687.24,72720.88
28,869.0467022855217,180.08,688.96,72033.64
29,869.0467022855217,178.36,690.69,71344.67
30,869.0467022855217,176.63,692.41,70653.99
31,869.0467022855217,174.9,694.14,69961.58
32,869.0467022855217,173.17,695.88,69267.43
33,869.0467022855217,171.43,697.62,68571.56
34,869.0467022855217,169.68,699.36,67873.94
35,869.0467022855217,167.94,701.11,67174.58
36,869.0467022855217,166.18,702.86,66473.47
37,869.0467022855217,164.43,704.62,65770.6
38,869.0467022855217,162.66,706.38,65065.98
39,869.0467022855217,160.9,708.15,64359.6
40,869.0467022855217,159.13,709.92,63651.45
41,869.0467022855217,157.35,711.69,62941.53
42,869.0467022855217,155.57,713.47,62229.84
43,869.0467022855217,153.79,715.26,61516.37
44,869.0467022855217,152.0,717.04,60801.11
45,869.0467022855217,150.21,718.84,60084.07
46,869.0467022855217,148.41,720.63,59365.23
47,869.0467022855217,146.61,722.44,58644.6
48,869.0467022855217,144.81,724.24,57922.16
49,869.0467022855217,142.99,726.05,57197.92
50,869.0467022855217,141.18,727.87,56471.87
51,869.0467022855217,139.36,729.69,55744.0
52,869.0467022855217,137.54,731.51,55014.32
53,869.0467022855217,135.71,733.34,54282.81
54,869.0467022855217,133.87,735.17,53549.47
55,869.0467022855217,132.04,737.01,52814.29
56,869.0467022855217,130.19,738.85,52077.28
57,869.0467022855217,128.35,740.7,51338.43
58,869.0467022855217,126.49,742.55,50597.73
59,869.0467022855217,124.64,744.41,49855.18
60,869.0467022855217,122.78,746.27,49110.77
61,869.0467022855217,120.91,748.14,48364.5
62,869.0467022855217,119.04,750.01,47616.36
63,869.0467022855217,117.17,751.88,46866.36
64,869.0467022855217,115.29,753.76,46114.48
65,869.0467022855217,113.4,755.64,45360.72
66,869.0467022855217,111.51,757.53,44605.07
67,869.0467022855217,109.62,759.43,43847.54
68,869.0467022855217,107.72,761.33,43088.11
69,869.0467022855217,105.82,763.23,42326.78
70,869.0467022855217,103.91,765.14,41563.55
71,869.0467022855217,102.0,767.05,40798.41
72,869.0467022855217,100.08,768.97,40031.36
73,869.0467022855217,98.16,770.89,39262.4
74,869.0467022855217,96.23,772.82,38491.5
75,869.0467022855217,94.3,774.75,37718.69
76,869.0467022855217,92.36,776.69,36943.94
77,869.0467022855217,90.42,778.63,36167.25
78,869.0467022855217,88.47,780.58,35388.62
79,869.0467022855217,86.52,782.53,34608.05
80,869.0467022855217,84.56,784.48,33825.52
81,869.0467022855217,82.6,786.44,33041.04
82,869.0467022855217,80.64,788.41,32254.59
83,869.0467022855217,78.67,790.38,31466.18
84,869.0467022855217,76.69,792.36,30675.8
85,869.0467022855217,74.71,794.34,29883.44
86,869.0467022855217,72.72,796.32,29089.11
87,869.0467022855217,70.73,798.31,28292.78
88,869.0467022855217,68.74,800.31,27494.47
89,869.0467022855217,66.74,802.31,26694.16
90,869.0467022855217,64.73,804.32,25891.85
91,869.0467022855217,62.72,806.33,25087.53
92,869.0467022855217,60.7,808.34,24281.2
93,869.0467022855217,58.68,810.36,23472.86
94,869.0467022855217,56.66,812.39,22662.49
95,869.0467022855217,54.63,814.42,21850.1
96,869.0467022855217,52.59,816.46,21035.68
97,869.0467022855217,50.55,818.5,20219.22
98,869.0467022855217,48.5,820.54,19400.72
99,869.0467022855217,46.45,822.6,18580.18
100,869.0467022855217,44.39,824.65,17757.58
101,869.0467022855217,42.33,826.71,16932.93
102,869.0467022855217,40.27,828.78,16106.22
103,869.0467022855217,38.19,830.85,15277.43
104,869.0467022855217,36.12,832.93,14446.58
105,869.0467022855217,34.03,835.01,13613.65
106,869.0467022855217,31.95,837.1,12778.64
107,869.0467022855217,29.85,839.19,11941.54
108,869.0467022855217,27.76,841.29,11102.35
109,869.0467022855217,25.65,843.39,10261.06
110,869.0467022855217,23.54,845.5,9417.66
111,869.0467022855217,21.43,847.62,8572.16
112,869.0467022855217,19.31,849.74,7724.54
113,869.0467022855217,17.19,851.86,6874.81
114,869.0467022855217,15.06,853.99,6022.95
115,869.0467022855217,12.92,856.12,5168.96
116,869.0467022855217,10.78,858.26,4312.83
117,869.0467022855217,8.64,860.41,3454.57
118,869.0467022855217,6.49,862.56,2594.16
119,869.0467022855217,4.33,864.72,1731.6
120,869.0467022855217,2.17,866.88,866.88
